{"cameraMode":{"drawMode":0,"name":"Shaded","section":"Shading Mode"},"sceneLighting":false,"audioPlay":false,"sceneViewState":{"m_AlwaysRefresh":false,"showFog":true,"showSkybox":false,"showFlares":true,"showImageEffects":true,"showParticleSystems":true,"showVisualEffectGraphs":true,"m_FxEnabled":true},"in2DMode":false,"pivot":{"x":0.026905683800578119,"y":0.14546701312065125,"z":-0.025642866268754007},"rotation":{"x":-0.16602452099323274,"y":0.08331074565649033,"z":-0.014077764935791493,"w":-0.9825118184089661},"size":2.0526909828186037,"orthographic":false}